GID,AOU,ecoregion_lvl
2001_357,TRUE,ACP
2000_532,TRUE,ACP
2024_462,FALSE,BTL
2024_467,FALSE,BTL
2024_473,FALSE,BTL
2024_482,FALSE,BTL
2024_484,FALSE,BTL
2024_492,FALSE,BTL
2024_495,FALSE,BTL
2024_496,FALSE,BTL
2024_497,FALSE,BTL
2024_498,FALSE,BTL
2024_501,FALSE,BTL
2024_636,FALSE,BTL
1996_583,TRUE,BTL
2024_650,FALSE,BTL
2006_503,FALSE,BTL
2024_958,FALSE,BTL
1996_587,TRUE,BTL
2023_168,FALSE,BTL
2023_169,FALSE,BTL
2017_1452,FALSE,BTL
2006_614,FALSE,BTL
2017_1542,FALSE,BTL
2017_1548,FALSE,BTL
2023_185,FALSE,BTL
2023_186,FALSE,BTL
2023_189,FALSE,BTL
1988_76,FALSE,BTL
2023_213,FALSE,BTL
2023_1614,TRUE,BTL
2023_1617,FALSE,BTL
2023_1622,FALSE,BTL
2023_1624,FALSE,BTL
2023_1625,FALSE,BTL
2023_1626,FALSE,BTL
1988_86,FALSE,BTL
1988_90,FALSE,BTL
2023_1634,FALSE,BTL
2023_1640,FALSE,BTL
2022_254,FALSE,BTL
2017_1877,FALSE,BTL
1988_96,FALSE,BTL
2017_1970,FALSE,BTL
1988_98,FALSE,BTL
2021_1169,TRUE,BTL
2021_1197,FALSE,BTL
1988_110,FALSE,BTL
2021_1290,FALSE,BTL
1988_120,FALSE,BTL
1988_124,FALSE,BTL
1988_125,FALSE,BTL
2021_1437,FALSE,BTL
1988_144,FALSE,BTL
1988_145,FALSE,BTL
2021_1619,TRUE,BTL
2021_1631,FALSE,BTL
1988_153,FALSE,BTL
1988_154,FALSE,BTL
2021_1898,TRUE,BTL
2021_1968,FALSE,BTL
2002_734,FALSE,BTL
1987_29,TRUE,BTL
1996_723,FALSE,BTL
1996_725,FALSE,BTL
2021_2309,FALSE,BTL
2021_2311,FALSE,BTL
1995_807,FALSE,BTL
1995_821,FALSE,BTL
1995_824,FALSE,BTL
2021_2317,FALSE,BTL
1995_860,FALSE,BTL
1995_869,FALSE,BTL
2021_2320,FALSE,BTL
1995_902,FALSE,BTL
1995_906,FALSE,BTL
1995_918,FALSE,BTL
1995_948,FALSE,BTL
2020_309,FALSE,BTL
2006_886,TRUE,BTL
2020_347,FALSE,BTL
2006_891,FALSE,BTL
2006_892,FALSE,BTL
2020_527,FALSE,BTL
2020_528,FALSE,BTL
2006_896,FALSE,BTL
1995_1007,FALSE,BTL
2020_533,FALSE,BTL
2020_536,FALSE,BTL
2020_537,FALSE,BTL
2020_538,FALSE,BTL
2020_539,FALSE,BTL
2020_541,FALSE,BTL
2019_605,FALSE,BTL
2019_607,FALSE,BTL
2019_608,FALSE,BTL
2019_630,FALSE,BTL
1995_1053,FALSE,BTL
1995_1054,FALSE,BTL
1995_1069,FALSE,BTL
2003_441,FALSE,BTL
2019_1522,FALSE,BTL
2019_1523,FALSE,BTL
2019_1524,FALSE,BTL
2019_1525,FALSE,BTL
2018_90,FALSE,BTL
2018_106,FALSE,BTL
2018_252,FALSE,BTL
2018_342,FALSE,BTL
2003_542,FALSE,BTL
2018_495,FALSE,BTL
2018_519,FALSE,BTL
2018_524,FALSE,BTL
2003_666,FALSE,BTL
2003_671,FALSE,BTL
2018_710,FALSE,BTL
2013_851,FALSE,BTL
2013_859,FALSE,BTL
2018_772,FALSE,BTL
2003_728,FALSE,BTL
2013_908,FALSE,BTL
2018_969,FALSE,BTL
2013_933,FALSE,BTL
2018_1466,FALSE,BTL
2013_1185,FALSE,BTL
2018_1717,FALSE,BTL
1999_706,FALSE,BTL
2003_887,FALSE,BTL
2018_1927,FALSE,BTL
2018_1946,FALSE,BTL
2018_2018,FALSE,BTL
2018_2019,FALSE,BTL
2018_2063,FALSE,BTL
2003_894,FALSE,BTL
2003_895,FALSE,BTL
2003_896,FALSE,BTL
2018_2810,TRUE,BTL
2003_1440,FALSE,BTL
2002_448,FALSE,BTL
2017_1236,FALSE,BTL
2017_1286,FALSE,BTL
2017_1415,FALSE,BTL
2012_667,FALSE,BTL
2017_1471,FALSE,BTL
1998_625,FALSE,BTL
2012_671,FALSE,BTL
2017_1564,FALSE,BTL
2017_1616,FALSE,BTL
2017_1629,FALSE,BTL
2017_1666,FALSE,BTL
2017_1668,FALSE,BTL
2017_1677,FALSE,BTL
2017_1689,FALSE,BTL
2017_1726,FALSE,BTL
2017_1738,FALSE,BTL
2017_1770,FALSE,BTL
2017_1772,FALSE,BTL
2017_1780,FALSE,BTL
2017_1794,FALSE,BTL
2017_1801,FALSE,BTL
2017_1803,FALSE,BTL
2017_1853,FALSE,BTL
2012_1049,FALSE,BTL
2017_1964,FALSE,BTL
1989_1004,FALSE,BTL
2017_2037,FALSE,BTL
2017_2048,FALSE,BTL
1994_106,FALSE,BTL
2017_2078,FALSE,BTL
1994_110,FALSE,BTL
2017_2115,FALSE,BTL
2012_1058,FALSE,BTL
2017_2128,FALSE,BTL
1993_11,FALSE,BTL
2017_2252,TRUE,BTL
1993_14,FALSE,BTL
2002_724,FALSE,BTL
2002_727,FALSE,BTL
2002_730,FALSE,BTL
2002_731,FALSE,BTL
2002_732,FALSE,BTL
2002_733,FALSE,BTL
2011_373,FALSE,BTL
2002_735,FALSE,BTL
2002_737,FALSE,BTL
2017_3697,FALSE,BTL
2017_3698,FALSE,BTL
2017_3699,FALSE,BTL
2017_3743,FALSE,BTL
2016_541,FALSE,BTL
2016_599,FALSE,BTL
2016_600,FALSE,BTL
2001_354,FALSE,BTL
1992_46,FALSE,BTL
2015_893,FALSE,BTL
2015_914,FALSE,BTL
2015_931,FALSE,BTL
2015_957,FALSE,BTL
2015_961,FALSE,BTL
2015_1013,FALSE,BTL
2015_1035,FALSE,BTL
2015_1036,FALSE,BTL
2015_1042,FALSE,BTL
2015_1049,FALSE,BTL
2015_1055,FALSE,BTL
2015_1071,FALSE,BTL
2015_1085,FALSE,BTL
2001_377,FALSE,BTL
2001_378,FALSE,BTL
2001_379,FALSE,BTL
2001_380,FALSE,BTL
2001_381,FALSE,BTL
2015_1153,TRUE,BTL
2001_383,FALSE,BTL
2001_384,FALSE,BTL
2015_1987,FALSE,BTL
2015_1988,FALSE,BTL
2015_1990,FALSE,BTL
2015_1991,FALSE,BTL
2015_1992,FALSE,BTL
2015_1993,FALSE,BTL
2015_1994,FALSE,BTL
2014_787,FALSE,BTL
2014_891,FALSE,BTL
2014_937,FALSE,BTL
1999_376,FALSE,BTL
1999_386,FALSE,BTL
2013_702,FALSE,BTL
2013_724,FALSE,BTL
2013_726,FALSE,BTL
2013_728,FALSE,BTL
2013_744,FALSE,BTL
2013_749,FALSE,BTL
2013_800,FALSE,BTL
2013_804,FALSE,BTL
2013_848,FALSE,BTL
2013_850,FALSE,BTL
2009_320,FALSE,BTL
2009_367,FALSE,BTL
2013_904,FALSE,BTL
2013_907,FALSE,BTL
2009_438,FALSE,BTL
1999_465,FALSE,BTL
1989_1457,FALSE,BTL
1999_700,FALSE,BTL
2009_1236,FALSE,BTL
2013_1186,FALSE,BTL
2009_1240,FALSE,BTL
2013_1188,FALSE,BTL
2013_1189,FALSE,BTL
2013_1191,FALSE,BTL
2013_1192,FALSE,BTL
2013_1193,FALSE,BTL
2013_1194,FALSE,BTL
2013_1195,FALSE,BTL
2012_604,FALSE,BTL
2012_634,FALSE,BTL
2012_653,FALSE,BTL
2012_654,FALSE,BTL
2012_655,FALSE,BTL
2012_660,FALSE,BTL
2012_662,FALSE,BTL
2012_665,FALSE,BTL
2002_465,FALSE,BTL
1998_619,FALSE,BTL
2002_473,FALSE,BTL
2002_512,FALSE,BTL
2012_672,FALSE,BTL
2012_685,FALSE,BTL
1998_663,FALSE,BTL
2012_697,FALSE,BTL
2012_699,FALSE,BTL
1998_675,FALSE,BTL
2012_721,FALSE,BTL
2012_724,TRUE,BTL
1989_922,FALSE,BTL
1989_922,FALSE,BTL
1989_926,FALSE,BTL
2012_805,FALSE,BTL
1989_945,FALSE,BTL
1989_947,FALSE,BTL
1989_948,FALSE,BTL
1988_93,FALSE,BTL
2002_618,FALSE,BTL
2012_1050,FALSE,BTL
1994_86,FALSE,BTL
2012_1052,FALSE,BTL
2012_1053,FALSE,BTL
1989_1024,FALSE,BTL
1998_860,TRUE,BTL
1989_1028,FALSE,BTL
2012_1057,FALSE,BTL
1989_1033,FALSE,BTL
2012_1059,FALSE,BTL
2012_1060,FALSE,BTL
2012_1061,FALSE,BTL
2012_1062,FALSE,BTL
2011_314,FALSE,BTL
2011_323,FALSE,BTL
2011_356,FALSE,BTL
2011_360,FALSE,BTL
2011_366,FALSE,BTL
2011_368,FALSE,BTL
1992_16,FALSE,BTL
2011_374,FALSE,BTL
2011_375,FALSE,BTL
2011_377,FALSE,BTL
2011_379,FALSE,BTL
2011_399,FALSE,BTL
2011_411,FALSE,BTL
2011_423,FALSE,BTL
2011_432,FALSE,BTL
2011_433,FALSE,BTL
2011_438,FALSE,BTL
1998_893,FALSE,BTL
2011_453,FALSE,BTL
1998_895,FALSE,BTL
1998_896,FALSE,BTL
1998_899,FALSE,BTL
1998_901,FALSE,BTL
1989_1156,FALSE,BTL
2011_507,FALSE,BTL
1996_357,FALSE,BTL
1996_359,FALSE,BTL
1996_364,FALSE,BTL
1996_383,FALSE,BTL
1996_388,FALSE,BTL
1996_391,FALSE,BTL
1996_394,FALSE,BTL
1996_396,FALSE,BTL
2011_605,FALSE,BTL
2011_606,FALSE,BTL
1996_427,FALSE,BTL
1996_429,FALSE,BTL
1996_431,FALSE,BTL
1996_437,FALSE,BTL
1996_438,FALSE,BTL
1996_442,FALSE,BTL
1996_445,FALSE,BTL
1996_451,FALSE,BTL
1996_454,FALSE,BTL
2011_736,FALSE,BTL
1996_460,FALSE,BTL
2011_739,FALSE,BTL
1996_469,FALSE,BTL
1996_472,FALSE,BTL
1996_487,FALSE,BTL
2010_475,FALSE,BTL
2010_487,FALSE,BTL
2010_531,FALSE,BTL
2010_532,FALSE,BTL
1996_499,FALSE,BTL
1996_507,FALSE,BTL
1989_1329,FALSE,BTL
2010_877,FALSE,BTL
2010_878,FALSE,BTL
2010_882,FALSE,BTL
2010_883,FALSE,BTL
1999_434,FALSE,BTL
1999_435,FALSE,BTL
2009_410,FALSE,BTL
1989_1376,FALSE,BTL
1990_50,FALSE,BTL
1989_1452,FALSE,BTL
1990_62,FALSE,BTL
2009_1217,FALSE,BTL
1990_71,FALSE,BTL
2009_1239,FALSE,BTL
1999_705,FALSE,BTL
2009_1241,FALSE,BTL
2009_1242,FALSE,BTL
2009_1244,FALSE,BTL
2008_291,FALSE,BTL
1996_569,TRUE,BTL
1996_575,TRUE,BTL
2007_273,FALSE,BTL
2007_273,FALSE,BTL
1998_588,FALSE,BTL
1998_593,FALSE,BTL
2007_993,TRUE,BTL
1995_1403,TRUE,BTL
1988_47,TRUE,BTL
2002_454,FALSE,BTL
2006_588,FALSE,BTL
1998_613,FALSE,BTL
2002_467,FALSE,BTL
1989_867,FALSE,BTL
1989_869,FALSE,BTL
2002_513,FALSE,BTL
2002_517,FALSE,BTL
2002_536,FALSE,BTL
1988_75,FALSE,BTL
2002_550,FALSE,BTL
2002_556,FALSE,BTL
1988_81,FALSE,BTL
2002_563,FALSE,BTL
1988_83,FALSE,BTL
2002_566,FALSE,BTL
2002_566,FALSE,BTL
2002_570,FALSE,BTL
2002_575,FALSE,BTL
2002_579,FALSE,BTL
1988_92,FALSE,BTL
2002_599,FALSE,BTL
1994_56,FALSE,BTL
1994_79,FALSE,BTL
1989_985,FALSE,BTL
2002_645,FALSE,BTL
1994_94,FALSE,BTL
1988_99,FALSE,BTL
1988_101,FALSE,BTL
1994_109,FALSE,BTL
1988_116,FALSE,BTL
2005_472,TRUE,BTL
1998_866,FALSE,BTL
1998_867,FALSE,BTL
1988_139,FALSE,BTL
2002_718,FALSE,BTL
1998_870,FALSE,BTL
1988_152,FALSE,BTL
1988_153,FALSE,BTL
1993_26,FALSE,BTL
1998_874,FALSE,BTL
1998_875,FALSE,BTL
1998_879,FALSE,BTL
1992_21,FALSE,BTL
1992_24,FALSE,BTL
1992_27,FALSE,BTL
2002_738,FALSE,BTL
1996_727,FALSE,BTL
1995_779,FALSE,BTL
1987_49,FALSE,BTL
1987_66,FALSE,BTL
2001_314,TRUE,BTL
1995_848,FALSE,BTL
1987_72,FALSE,BTL
1987_76,FALSE,BTL
1995_886,FALSE,BTL
1987_95,FALSE,BTL
1987_101,FALSE,BTL
1991_26,TRUE,BTL
1986_32,FALSE,BTL
1995_953,FALSE,BTL
1995_955,FALSE,BTL
2006_888,FALSE,BTL
1995_968,FALSE,BTL
1995_983,FALSE,BTL
2006_893,FALSE,BTL
2006_894,FALSE,BTL
1995_996,FALSE,BTL
1986_60,FALSE,BTL
2005_427,FALSE,BTL
2005_463,FALSE,BTL
2003_889,FALSE,BTL
1995_1031,FALSE,BTL
1995_1032,FALSE,BTL
1995_1033,FALSE,BTL
1995_1036,FALSE,BTL
1995_1041,FALSE,BTL
1995_1045,FALSE,BTL
2000_371,FALSE,BTL
1991_119,FALSE,BTL
1991_120,FALSE,BTL
2000_538,FALSE,BTL
1995_1079,FALSE,BTL
2003_466,FALSE,BTL
2003_468,FALSE,BTL
2003_469,FALSE,BTL
2003_485,FALSE,BTL
2003_501,FALSE,BTL
2003_518,FALSE,BTL
2003_532,FALSE,BTL
2003_537,FALSE,BTL
1999_406,FALSE,BTL
2003_569,FALSE,BTL
2003_585,FALSE,BTL
2003_635,FALSE,BTL
1989_1342,FALSE,BTL
1999_433,FALSE,BTL
1996_525,FALSE,BTL
1989_1364,FALSE,BTL
1999_437,FALSE,BTL
2003_717,FALSE,BTL
1989_1368,FALSE,BTL
1990_61,FALSE,BTL
1989_1377,FALSE,BTL
1990_63,FALSE,BTL
1996_544,FALSE,BTL
1999_702,FALSE,BTL
1996_551,FALSE,BTL
1990_74,FALSE,BTL
1999_712,FALSE,BTL
1999_714,FALSE,BTL
1991_79,FALSE,BTL
2003_891,FALSE,BTL
2003_892,FALSE,BTL
2003_893,FALSE,BTL
1998_583,FALSE,BTL
1996_580,TRUE,BTL
1989_789,FALSE,BTL
2003_898,FALSE,BTL
1998_597,FALSE,BTL
1998_605,FALSE,BTL
1998_610,FALSE,BTL
2002_462,FALSE,BTL
1995_1406,FALSE,BTL
1998_618,FALSE,BTL
1995_1408,FALSE,BTL
1995_1409,FALSE,BTL
1998_650,FALSE,BTL
1998_651,FALSE,BTL
1998_660,FALSE,BTL
2002_545,FALSE,BTL
1989_885,FALSE,BTL
1989_888,FALSE,BTL
2002_559,FALSE,BTL
1995_1419,FALSE,BTL
2002_563,FALSE,BTL
2001_361,TRUE,BTL
1994_20,FALSE,BTL
1994_33,FALSE,BTL
1989_928,TRUE,BTL
2001_365,FALSE,BTL
2002_584,FALSE,BTL
1994_55,FALSE,BTL
2001_369,FALSE,BTL
1989_965,TRUE,BTL
2001_372,FALSE,BTL
2001_373,FALSE,BTL
1989_1005,FALSE,BTL
2002_664,TRUE,BTL
1994_105,FALSE,BTL
1989_1025,FALSE,BTL
1990_75,FALSE,BTL
1991_82,FALSE,BTL
1991_84,FALSE,BTL
2001_382,FALSE,BTL
1998_868,FALSE,BTL
1989_1047,FALSE,BTL
1993_13,FALSE,BTL
1993_15,FALSE,BTL
1993_16,FALSE,BTL
1998_873,FALSE,BTL
1989_1071,FALSE,BTL
1989_1072,FALSE,BTL
1989_1075,FALSE,BTL
1998_880,FALSE,BTL
1998_881,FALSE,BTL
1998_882,FALSE,BTL
1998_883,FALSE,BTL
2002_742,FALSE,BTL
2001_265,FALSE,BTL
2001_284,FALSE,BTL
2001_288,FALSE,BTL
1998_890,FALSE,BTL
1992_41,FALSE,BTL
1992_43,FALSE,BTL
1989_1124,FALSE,BTL
1995_1180,TRUE,BTL
2001_362,FALSE,BTL
2001_363,FALSE,BTL
1989_1149,FALSE,BTL
1989_1365,FALSE,BTL
2001_366,FALSE,BTL
1991_56,FALSE,BTL
1996_532,FALSE,BTL
2001_371,FALSE,BTL
1994_73,FALSE,BTL
1989_1186,FALSE,BTL
2001_374,FALSE,BTL
2001_376,FALSE,BTL
1991_70,FALSE,BTL
1991_73,FALSE,BTL
1989_1233,FALSE,BTL
1998_561,FALSE,BTL
1998_566,FALSE,BTL
1998_578,FALSE,BTL
1991_98,FALSE,BTL
1991_102,FALSE,BTL
2000_335,FALSE,BTL
2000_367,FALSE,BTL
1989_1274,FALSE,BTL
1991_109,FALSE,BTL
1989_831,FALSE,BTL
1996_459,FALSE,BTL
2000_539,FALSE,BTL
2000_540,FALSE,BTL
2000_542,FALSE,BTL
2000_543,FALSE,BTL
1989_1305,FALSE,BTL
1990_22,FALSE,BTL
1999_389,FALSE,BTL
1999_390,FALSE,BTL
1999_391,FALSE,BTL
1989_1325,FALSE,BTL
1999_429,FALSE,BTL
1999_430,FALSE,BTL
1990_37,FALSE,BTL
1989_920,FALSE,BTL
1996_519,FALSE,BTL
1989_1352,FALSE,BTL
1990_39,FALSE,BTL
1994_36,FALSE,BTL
1999_444,FALSE,BTL
1994_45,FALSE,BTL
1990_48,FALSE,BTL
1989_1166,TRUE,BTL
1989_1169,FALSE,BTL
1995_967,FALSE,BTL
1989_1465,FALSE,BTL
1990_72,FALSE,BTL
1996_558,FALSE,BTL
1996_561,TRUE,BTL
1986_58,FALSE,BTL
1996_411,FALSE,BTL
1996_414,FALSE,BTL
1989_1242,FALSE,BTL
1998_581,FALSE,BTL
1990_99,FALSE,BTL
1990_100,FALSE,BTL
1995_1415,FALSE,BTL
1998_595,FALSE,BTL
1995_1400,FALSE,BTL
1989_1069,FALSE,BTL
1989_841,FALSE,BTL
1998_612,FALSE,BTL
1989_1291,FALSE,BTL
1995_1407,FALSE,BTL
1989_864,FALSE,BTL
1989_1084,FALSE,BTL
1995_1410,FALSE,BTL
1995_1412,FALSE,BTL
1995_1414,FALSE,BTL
1989_1041,FALSE,BTL
1995_1416,FALSE,BTL
1995_1417,FALSE,BTL
1989_894,FALSE,BTL
1998_892,FALSE,BTL
1989_1123,FALSE,BTL
1998_894,FALSE,BTL
1989_1146,FALSE,BTL
1989_1147,FALSE,BTL
1989_1357,FALSE,BTL
1989_1155,FALSE,BTL
1991_44,FALSE,BTL
1989_1039,FALSE,BTL
1998_885,FALSE,BTL
1986_43,FALSE,BTL
1998_871,FALSE,BTL
1989_1190,TRUE,BTL
1994_87,FALSE,BTL
1998_858,FALSE,BTL
1989_1016,FALSE,BTL
1991_67,FALSE,BTL
1986_57,FALSE,BTL
1990_79,FALSE,BTL
1996_568,TRUE,BTL
1989_1243,FALSE,BTL
1998_884,FALSE,BTL
1989_1249,FALSE,BTL
1998_888,FALSE,BTL
1998_889,FALSE,BTL
1998_872,FALSE,BTL
1989_806,FALSE,BTL
1995_1164,FALSE,BTL
1996_513,FALSE,BTL
1995_1405,FALSE,BTL
1989_1078,FALSE,BTL
1989_1081,FALSE,BTL
1989_1305,FALSE,BTL
1989_1088,FALSE,BTL
1996_528,FALSE,BTL
1996_490,FALSE,BTL
1989_1255,FALSE,BTL
1996_494,FALSE,BTL
1992_36,FALSE,BTL
1998_891,FALSE,BTL
1989_1195,FALSE,BTL
1989_1213,FALSE,BTL
1989_1337,FALSE,BTL
1995_1420,FALSE,BTL
1987_77,FALSE,BTL
1992_50,FALSE,BTL
1990_47,FALSE,BTL
1990_90,FALSE,BTL
1995_1026,FALSE,BTL
1996_493,FALSE,BTL
1991_87,FALSE,BTL
1989_1266,FALSE,BTL
1986_49,FALSE,BTL
1989_1054,FALSE,BTL
1995_1418,FALSE,BTL
1989_1219,FALSE,BTL
1990_73,FALSE,BTL
1986_56,FALSE,BTL
1995_1009,FALSE,BTL
1995_1018,FALSE,BTL
1995_1097,FALSE,BTL
1989_1302,FALSE,BTL
1990_98,FALSE,BTL
1989_871,FALSE,BTL
1989_1320,FALSE,BTL
1991_108,FALSE,BTL
1990_27,FALSE,BTL
1986_54,FALSE,BTL
1987_70,FALSE,BTL
1990_29,FALSE,BTL
1996_464,FALSE,BTL
1989_1303,FALSE,BTL
1995_1092,FALSE,BTL
1989_1131,FALSE,BTL
1990_26,FALSE,BTL
1990_89,FALSE,BTL
1989_1236,FALSE,BTL
1989_874,FALSE,BTL
1986_45,FALSE,BTL
1989_798,FALSE,BTL
1989_1109,FALSE,BTL
1995_988,FALSE,BTL
1990_9,FALSE,BTL
1990_36,FALSE,BTL
1991_131,FALSE,BTL
1992_49,FALSE,BTL
1992_28,FALSE,BTL
1989_878,FALSE,BTL
1992_34,FALSE,BTL
1989_1234,FALSE,BTL
1992_40,FALSE,BTL
1989_1319,FALSE,BTL
1995_995,FALSE,BTL
1989_1050,FALSE,BTL
1989_854,FALSE,BTL
1986_70,FALSE,BTL
1987_33,FALSE,BTL
1989_1118,FALSE,BTL
1995_1113,FALSE,BTL
1991_59,FALSE,BTL
1989_1313,FALSE,BTL
1992_30,FALSE,BTL
1991_65,FALSE,BTL
1989_845,FALSE,BTL
1989_1108,FALSE,BTL
1989_1112,FALSE,BTL
1995_1107,FALSE,BTL
1990_24,FALSE,BTL
1989_1100,FALSE,BTL
1989_1310,FALSE,BTL
1989_1107,FALSE,BTL
1989_1106,FALSE,BTL
1991_105,FALSE,BTL
2006_682,TRUE,LN
2006_709,TRUE,LN
2006_747,TRUE,LN
2006_681,TRUE,LN
1996_716,TRUE,LN
2006_701,TRUE,LN
2006_688,TRUE,LN
2006_680,TRUE,LN
2012_747,FALSE,LN
2006_686,TRUE,LN
2017_2528,FALSE,LN
2006_687,TRUE,LN
1996_717,FALSE,LN
2018_598,TRUE,LN
1995_1267,TRUE,LN
2003_807,TRUE,LN
2021_2319,TRUE,LN
2006_700,TRUE,LN
2012_1051,FALSE,LN
1998_853,TRUE,LN
2003_814,TRUE,LN
2017_2475,FALSE,LN
2018_1598,FALSE,LN
1992_9,FALSE,LN
2021_1321,TRUE,LN
1998_732,TRUE,LN
2017_2541,FALSE,LN
2006_692,TRUE,LN
2012_1047,FALSE,LN
2006_698,TRUE,LN
2018_1035,FALSE,LN
2006_699,TRUE,LN
2019_833,TRUE,LN
2017_2423,FALSE,LN
2006_677,TRUE,LN
1998_695,FALSE,LN
1998_698,FALSE,LN
1998_714,FALSE,LN
2006_710,TRUE,LN
2006_690,TRUE,LN
2021_1353,TRUE,LN
2002_714,TRUE,LN
2011_727,TRUE,LN
2005_511,FALSE,LN
2006_725,TRUE,LN
2003_782,FALSE,LN
2011_551,FALSE,LN
1998_854,FALSE,LN
1998_855,TRUE,LN
2006_703,TRUE,LN
1998_859,TRUE,LN
1998_722,FALSE,LN
2021_2322,TRUE,LN
1998_737,TRUE,LN
1998_741,TRUE,LN
1998_745,FALSE,LN
2006_696,TRUE,LN
1998_845,TRUE,LN
1989_1264,FALSE,LN
2005_515,TRUE,LN
2011_730,TRUE,LN
2005_598,TRUE,LN
1996_585,FALSE,LN
2019_1517,FALSE,LN
2002_686,TRUE,LN
1998_862,TRUE,LN
2006_748,TRUE,LN
2002_691,FALSE,LN
2005_492,FALSE,LN
2006_723,TRUE,LN
2006_724,TRUE,LN
2006_665,TRUE,LN
2006_671,TRUE,LN
2006_676,TRUE,LN
2001_353,TRUE,LN
2016_1171,TRUE,LN
2006_877,TRUE,LN
1995_1182,FALSE,LN
1995_1192,TRUE,LN
1995_1203,FALSE,LN
2021_2326,TRUE,LN
1995_1210,FALSE,LN
1995_1212,TRUE,LN
2006_659,FALSE,LN
1995_1226,TRUE,LN
1998_851,TRUE,LN
1999_698,TRUE,LN
1995_1235,TRUE,LN
1988_9,TRUE,LN
1988_16,TRUE,LN
1988_19,TRUE,LN
2006_708,TRUE,LN
1988_22,TRUE,LN
2006_714,TRUE,LN
2005_488,TRUE,LN
2008_315,FALSE,LN
1998_746,FALSE,LN
2005_502,FALSE,LN
1995_1397,TRUE,LN
2007_380,TRUE,LN
2007_492,TRUE,LN
1996_584,TRUE,LN
1996_678,TRUE,LN
1996_586,TRUE,LN
2017_2883,TRUE,LN
1996_719,FALSE,LN
1996_590,TRUE,LN
1996_596,FALSE,LN
1996_597,FALSE,LN
2005_493,FALSE,LN
1996_600,TRUE,LN
1996_602,FALSE,LN
1996_604,TRUE,LN
1996_605,FALSE,LN
1996_614,FALSE,LN
1996_615,FALSE,LN
1996_616,FALSE,LN
1996_622,TRUE,LN
1996_625,TRUE,LN
1996_627,TRUE,LN
1996_628,TRUE,LN
1996_630,TRUE,LN
1996_635,TRUE,LN
1996_639,TRUE,LN
1996_640,TRUE,LN
1995_1230,FALSE,LN
1996_646,TRUE,LN
1996_650,TRUE,LN
1996_651,TRUE,LN
1996_652,TRUE,LN
1996_654,TRUE,LN
1988_20,TRUE,LN
1996_657,TRUE,LN
2002_689,TRUE,LN
1996_660,TRUE,LN
1996_665,TRUE,LN
1996_667,TRUE,LN
1996_668,TRUE,LN
1996_670,TRUE,LN
1996_671,TRUE,LN
1996_674,TRUE,LN
1996_675,TRUE,LN
2006_873,TRUE,LN
1992_6,FALSE,LN
2021_1890,TRUE,LN
1987_8,TRUE,LN
1987_12,TRUE,LN
1987_17,TRUE,LN
1996_720,FALSE,LN
2006_749,TRUE,LN
2006_750,TRUE,LN
2006_751,FALSE,LN
2006_870,TRUE,LN
2006_871,TRUE,LN
2006_872,TRUE,LN
2011_557,FALSE,LN
2006_874,TRUE,LN
2011_568,TRUE,LN
2006_878,TRUE,LN
2006_879,FALSE,LN
2006_880,TRUE,LN
2006_881,TRUE,LN
2006_882,FALSE,LN
2006_883,TRUE,LN
1997_431,FALSE,LN
2006_693,TRUE,LN
2011_542,FALSE,LN
2020_372,FALSE,LN
2006_898,TRUE,LN
2011_565,FALSE,LN
2006_702,TRUE,LN
1996_659,TRUE,LN
2017_2285,FALSE,LSJ
2024_639,FALSE,LSJ
1995_1232,TRUE,LSJ
1989_964,FALSE,LSJ
1988_94,FALSE,LSJ
2002_641,TRUE,LSJ
1988_94,FALSE,LSJ
1993_10,FALSE,LSJ
2018_913,FALSE,LSJ
1989_1161,TRUE,LSJ
1988_97,FALSE,LSJ
1996_540,TRUE,LSJ
2002_623,FALSE,LSJ
1990_38,FALSE,LSJ
1988_85,FALSE,LSJ
1993_8,TRUE,LSJ
2023_177,TRUE,LSJ
2023_1627,TRUE,LSJ
2006_622,FALSE,LSJ
2011_726,FALSE,LSJ
2009_448,FALSE,LSJ
2018_2808,TRUE,LSJ
2000_386,FALSE,LSJ
1993_6,FALSE,LSJ
2003_708,FALSE,LSJ
1988_85,FALSE,LSJ
2017_2106,FALSE,LSJ
2001_364,FALSE,LSJ
2003_735,FALSE,LSJ
1994_43,FALSE,LSJ
1998_865,FALSE,LSJ
1991_58,FALSE,LSJ
1989_1277,FALSE,LSJ
1996_582,TRUE,LSJ
2003_750,TRUE,LSJ
2006_580,FALSE,LSJ
2011_446,FALSE,LSJ
2012_1056,FALSE,LSJ
2017_2120,FALSE,LSJ
2023_175,TRUE,LSJ
2014_1295,FALSE,LSJ
2018_913,FALSE,LSJ
2012_1055,FALSE,LSJ
2021_1495,FALSE,LSJ
1996_537,FALSE,LSJ
1995_1404,FALSE,LSJ
1986_40,FALSE,LSJ
2023_171,FALSE,LSJ
2018_2811,TRUE,LSJ
2018_1804,FALSE,LSJ
1999_432,FALSE,LSJ
1996_517,FALSE,LSJ
2011_455,TRUE,LSJ
2003_713,FALSE,LSJ
1987_30,FALSE,LSJ
2018_2101,FALSE,LSJ
2009_430,FALSE,LSJ
1998_869,FALSE,LSJ
2011_733,FALSE,LSJ
2023_159,TRUE,LSJ
1989_1276,TRUE,LSJ
2018_1731,TRUE,LSJ
1988_84,FALSE,LSJ
2017_2059,FALSE,LSJ
2003_888,FALSE,LSJ
1996_562,FALSE,LSJ
1996_564,FALSE,LSJ
1996_526,FALSE,LSJ
2012_1042,FALSE,LSJ
2017_2197,FALSE,LSJ
1995_1220,TRUE,LSJ
1999_455,FALSE,LSJ
2021_1637,FALSE,LSJ
2006_729,FALSE,LSJ
1989_1326,FALSE,LSJ
2021_1066,FALSE,LSJ
2016_1174,FALSE,LSJ
2006_599,FALSE,LSJ
1996_588,TRUE,LSJ
2017_3694,FALSE,LSJ
2006_617,FALSE,LSJ
1995_1102,FALSE,LSJ
1995_1106,TRUE,LSJ
1996_579,TRUE,LSJ
2009_443,FALSE,LSJ
2011_731,FALSE,LSJ
1988_82,FALSE,LSJ
2011_513,FALSE,LSJ
1998_668,FALSE,LSJ
2002_655,TRUE,LSJ
2021_2318,FALSE,LSJ
1999_432,FALSE,LSJ
2003_692,FALSE,LSJ
2011_454,FALSE,LSJ
1989_1037,FALSE,LSJ
2011_504,FALSE,LSJ
2021_2328,FALSE,LSJ
1991_55,FALSE,LSJ
1996_529,TRUE,LSJ
1996_549,FALSE,LSJ
2002_723,FALSE,LSJ
1995_1146,TRUE,LSJ
1989_905,FALSE,LSJ
2012_704,FALSE,LSJ
2020_531,FALSE,LSJ
2015_1091,FALSE,LSJ
2015_1136,TRUE,LSJ
2021_2225,FALSE,LSJ
1988_65,FALSE,LSJ
2008_779,FALSE,LSJ
1996_526,FALSE,LSJ
2001_367,FALSE,LSJ
1995_1048,FALSE,LSJ
1988_77,FALSE,LSJ
2012_686,FALSE,LSJ
2013_1184,TRUE,LSJ
1998_674,FALSE,LSJ
1995_1165,TRUE,LSJ
1989_1285,FALSE,LSJ
2006_604,FALSE,LSJ
1990_38,FALSE,LSJ
2011_604,FALSE,LSJ
1996_598,TRUE,LSJ
2017_3696,FALSE,LSJ
1990_49,FALSE,LSJ
1999_453,FALSE,LSJ
2023_201,TRUE,LSJ
1988_68,FALSE,LSJ
1987_67,FALSE,LSJ
1991_63,FALSE,LSJ
2010_876,TRUE,LSJ
1996_511,FALSE,LSJ
1991_68,FALSE,LSJ
2011_599,FALSE,LSJ
2023_174,FALSE,LSJ
2011_472,FALSE,LSJ
1990_18,FALSE,LSJ
2006_624,FALSE,LSJ
2011_483,FALSE,LSJ
1988_73,FALSE,LSJ
2011_741,FALSE,LSJ
1989_881,FALSE,LSJ
1995_1121,TRUE,LSJ
2010_546,TRUE,LSJ
2013_1187,FALSE,LSJ
2006_583,FALSE,LSJ
2019_1520,TRUE,LSJ
1989_849,FALSE,LSJ
2017_3695,FALSE,LSJ
2011_737,FALSE,LSJ
1990_19,FALSE,LSJ
1990_21,FALSE,LSJ
2012_669,FALSE,LSJ
1996_498,FALSE,LSJ
1988_69,FALSE,LSJ
1987_47,TRUE,LSJ
2020_338,FALSE,LSJ
2020_529,FALSE,LSJ
2012_1054,FALSE,LSJ
1988_64,FALSE,LSJ
2012_669,FALSE,LSJ
2011_740,FALSE,LSJ
1990_25,FALSE,LSJ
2011_742,FALSE,LSJ
1992_29,FALSE,LSJ
2021_2312,TRUE,LSJ
1988_61,FALSE,LSJ
1988_66,FALSE,LSJ
1988_51,FALSE,LSJ
1990_11,TRUE,LSJ
1988_60,TRUE,LSJ
1995_1108,FALSE,LSJ
2012_1041,TRUE,LW
2021_1303,TRUE,LW
2012_776,TRUE,LW
2019_1238,FALSE,LW
1986_11,FALSE,LW
1996_715,TRUE,LW
1988_41,FALSE,LW
2015_1148,FALSE,LW
2002_665,FALSE,LW
2002_675,TRUE,LW
2010_875,TRUE,LW
2021_277,FALSE,LW
2015_1178,TRUE,LW
2021_297,TRUE,LW
1995_1241,TRUE,LW
2020_526,FALSE,LW
2021_2316,TRUE,LW
2018_3146,FALSE,LW
1995_1255,TRUE,LW
2018_736,FALSE,LW
2018_736,FALSE,LW
2012_1043,TRUE,LW
2002_716,TRUE,LW
1988_40,FALSE,LW
2018_2807,TRUE,LW
1988_38,FALSE,LW
2003_815,TRUE,LW
2021_1988,TRUE,LW
1988_43,FALSE,LW
2021_2313,TRUE,LW
2018_403,TRUE,LW
1995_1250,TRUE,LW
1996_656,TRUE,LW
2021_2321,TRUE,LW
1988_33,FALSE,LW
2015_1157,FALSE,LW
2021_277,FALSE,LW
1997_338,FALSE,LW
2013_929,FALSE,LW
2011_728,TRUE,LW
2003_883,TRUE,LW
1994_10,FALSE,LW
1995_1271,TRUE,LW
1995_1276,TRUE,LW
1995_1205,FALSE,LW
2011_725,TRUE,LW
1995_1322,TRUE,LW
1988_34,FALSE,LW
1988_37,FALSE,LW
1988_42,FALSE,LW
2017_2361,FALSE,LW
2015_1140,TRUE,LW
2021_2306,TRUE,LW
2015_1145,FALSE,LW
1996_644,TRUE,LW
2014_1475,FALSE,LW
1988_26,FALSE,LW
2006_885,FALSE,LW
1995_1399,TRUE,LW
1988_30,FALSE,LW
2021_2223,FALSE,LW
1987_31,FALSE,LW
2018_561,FALSE,PR
2006_718,FALSE,PR
2006_746,FALSE,PR
2012_795,FALSE,PR
1996_683,FALSE,PR
2023_1633,TRUE,PR
1995_1327,FALSE,PR
2011_724,FALSE,PR
1995_1315,TRUE,PR
2021_1204,TRUE,PR
2006_745,FALSE,PR
2005_530,FALSE,PR
1991_2,FALSE,PR
1995_1317,TRUE,PR
2021_1573,FALSE,PR
2011_723,FALSE,PR
2005_599,FALSE,PR
2006_743,FALSE,PR
2005_1001,FALSE,PR
2006_744,FALSE,PR
2024_651,TRUE,PR
2006_742,FALSE,PR
